 ,C2Opt,CGP-LCB,SINDYc,True
Number of iterations,43,22,22,5
Average compute time per iteration,0.03882366557453954,0.3091896555640481,0.20157104188745673,0.0013720989227294922
Maximum compute time per iteration,0.06971359252929688,0.4163377285003662,0.3318958282470703,0.0016951560974121094
Total compute time (all iterations),1.6694176197052002,6.802172422409058,4.434562921524048,0.006860494613647461
