 ,C2Opt,CGP-LCB,SINDYc,True
Number of iterations,43,22,23,5
Average compute time per iteration,0.039068926212399505,0.31064668568697845,0.6538103248762048,0.0013144969940185546
Maximum compute time per iteration,0.06967639923095703,0.41986846923828125,0.7967517375946045,0.0016412734985351562
Total compute time (all iterations),1.6799638271331787,6.834227085113525,15.03763747215271,0.0065724849700927734
