 ,C2Opt,CGP-LCB,SINDYc,True
Number of iterations,43,22,22,5
Average compute time per iteration,0.056218956792077356,0.3717848604375666,0.2654270258816806,0.002260303497314453
Maximum compute time per iteration,0.10024213790893555,0.529362678527832,0.44116878509521484,0.0036427974700927734
Total compute time (all iterations),2.417415142059326,8.179266929626465,5.839394569396973,0.011301517486572266
