 ,C2Opt,CGP-LCB,SINDYc,True
Number of iterations,43,22,22,5
Average compute time per iteration,0.03933061000912688,0.30795902555639093,0.19942013783888382,0.0012923717498779298
Maximum compute time per iteration,0.07065653800964355,0.4147346019744873,0.32991552352905273,0.0015976428985595703
Total compute time (all iterations),1.691216230392456,6.775098562240601,4.387243032455444,0.0064618587493896484
