 ,C2Opt,CGP-LCB,SINDYc,True
Number of iterations,75,80,1,7
Average compute time per iteration,0.07151926358540853,0.9511072248220444,inf,0.002125263214111328
Maximum compute time per iteration,0.15982460975646973,5.019525766372681,inf,0.0035881996154785156
Total compute time (all iterations),5.36394476890564,76.08857798576355,inf,0.014876842498779297
