 ,C2Opt,CGP-LCB,SINDYc,True
Number of iterations,75,107,1,7
Average compute time per iteration,0.05109062512715658,0.6424677238286098,inf,0.001279796872820173
Maximum compute time per iteration,0.11071300506591797,2.231992244720459,inf,0.0017468929290771484
Total compute time (all iterations),3.831796884536743,68.74404644966125,inf,0.008958578109741211
