 ,C2Opt,CGP-LCB,SINDYc,True
Number of iterations,75,103,1,7
Average compute time per iteration,0.05080550193786621,0.6486883302336758,inf,0.0013799667358398438
Maximum compute time per iteration,0.1109013557434082,2.0782203674316406,inf,0.0018892288208007812
Total compute time (all iterations),3.810412645339966,66.8148980140686,inf,0.009659767150878906
