 ,C2Opt,CGP-LCB,SINDYc,True
Number of iterations,75,91,1,7
Average compute time per iteration,0.051518211364746096,0.641115550156478,inf,0.0013430118560791016
Maximum compute time per iteration,0.11235260963439941,2.57598614692688,inf,0.001806497573852539
Total compute time (all iterations),3.863865852355957,58.3415150642395,inf,0.009401082992553711
